"","date","pce","pop","psavert","uempmed","unemploy","resid_mod1","lag1"
"2",1967-08-01,509.8,198911,12.6,4.7,2945,1265.56514064613,1281.51443459814
"3",1967-09-01,515.6,199113,11.9,4.6,2958,1252.02867140801,1265.56514064613
"4",1967-10-01,512.2,199311,12.9,4.9,3143,1229.67510255084,1252.02867140801
"5",1967-11-01,517.4,199498,12.8,4.7,3066,1216.97450974128,1229.67510255084
"6",1967-12-01,525.1,199657,11.8,4.8,3018,1209.4542195984,1216.97450974128
"7",1968-01-01,530.9,199808,11.7,5.1,2878,1200.79973021742,1209.4542195984
"8",1968-02-01,533.6,199920,12.3,4.5,3001,1192.77851955073,1200.79973021742
"9",1968-03-01,544.3,200056,11.7,4.1,2877,1190.45990659832,1192.77851955073
"10",1968-04-01,544,200208,12.3,4.6,2709,1175.60969212211,1190.45990659832
"11",1968-05-01,549.8,200361,12,4.4,2740,1166.76375255065,1175.60969212211
"12",1968-06-01,556.3,200536,11.7,4.4,2938,1156.51186088395,1166.76375255065
"13",1968-07-01,563.2,200706,10.7,4.5,2883,1147.13859469345,1156.51186088395
"14",1968-08-01,567,200898,10.5,4.2,2768,1132.5593764077,1147.13859469345
"15",1968-09-01,568.2,201095,10.6,4.6,2686,1114.90153264576,1132.5593764077
"16",1968-10-01,571.6,201290,10.8,4.8,2689,1099.6351390743,1114.90153264576
"17",1968-11-01,576.7,201466,10.6,4.4,2715,1087.88752231236,1099.6351390743
"18",1968-12-01,576.5,201621,11.1,4.4,2685,1072.85013255043,1087.88752231236
"19",1969-01-01,583.5,201760,10.3,4.4,2718,1066.54434431231,1072.85013255043
"20",1969-02-01,588.7,201881,9.7,4.9,2692,1060.16160778848,1066.54434431231
"21",1969-03-01,588.9,202023,10.2,4,2712,1046.76864426464,1060.16160778848
"22",1969-04-01,593.9,202161,9.7,4,2758,1038.55858112176,1046.76864426464
"23",1969-05-01,600.3,202331,10.1,4.2,2713,1028.68531493126,1038.55858112176
"24",1969-06-01,600.9,202507,11.1,4.4,2816,1012.43769816932,1028.68531493126
"25",1969-07-01,602.7,202677,11.8,4.4,2868,997.964431978812,1012.43769816932
"26",1969-08-01,609.9,202877,11.5,4.4,2856,986.019412931159,997.964431978812
"27",1969-09-01,613.2,203090,11.6,4.7,3040,968.929967645406,986.019412931159
"28",1969-10-01,618.5,203302,11.4,4.5,3049,953.936247454893,968.929967645406
"29",1969-11-01,620.5,203500,11.6,4.8,2856,936.982678597715,953.936247454893
"30",1969-12-01,622.8,203675,11.8,4.6,2884,922.530786931018,936.982678597715
"31",1970-01-01,628.7,203849,11.8,4.6,3201,911.774620359558,922.530786931018
"32",1970-02-01,634,204008,11.7,4.5,3453,901.854330216673,911.774620359558
"33",1970-03-01,632.3,204156,12.4,4.6,3635,885.987016121409,901.854330216673
"34",1970-04-01,636,204401,13.3,4.1,3797,866.234367788032,885.987016121409
"35",1970-05-01,642.4,204607,12.4,4.7,3919,852.914998168948,866.234367788032
"36",1970-06-01,646.3,204830,12.3,4.9,4071,835.468301930813,852.914998168948
"37",1970-07-01,648.5,205052,13.5,5.1,4175,816.417330787917,835.468301930813
"38",1970-08-01,652.9,205295,13.4,5.4,4256,797.556132645017,816.417330787917
"39",1970-09-01,659.1,205540,12.9,5.2,4456,780.303484311641,797.556132645017
"40",1970-10-01,658.3,205788,13.1,5.2,4591,755.763660692549,780.303484311641
"41",1970-11-01,656.6,206024,13.6,5.6,4898,731.472538216317,755.763660692549
"42",1970-12-01,665.6,206238,13.2,5.9,5076,719.987367835326,731.472538216317
"43",1971-01-01,676.1,206466,13.3,6.2,4986,708.662046121,719.987367835326
"44",1971-02-01,679.4,206668,13.3,6.3,4903,692.625576882869,708.662046121
"45",1971-03-01,682,206855,13.5,6.4,4987,677.324984073312,692.625576882869
"46",1971-04-01,688.8,207065,13.2,6.5,4959,664.022714073275,677.324984073312
"47",1971-05-01,691.1,207260,13.6,6.7,4996,647.656320501812,664.022714073275
"48",1971-06-01,699.8,207462,14.7,5.7,4949,637.019851263681,647.656320501812
"49",1971-07-01,698.9,207661,13.8,6.2,5035,617.070557311266,637.019851263681
"50",1971-08-01,704.9,207881,13.6,6.4,5134,602.011036358846,617.070557311266
"51",1971-09-01,713,208114,13.3,5.8,5042,587.807089168328,602.011036358846
"52",1971-10-01,715.8,208345,13.3,6.5,4954,568.494592168287,587.807089168328
"53",1971-11-01,720.9,208555,13.1,6.4,5161,553.49232216825,568.494592168287
"54",1971-12-01,728.4,208740,13,6.2,5154,543.283179549171,553.49232216825
"55",1972-01-01,731.5,208917,12.5,6.2,5019,529.439837691996,543.283179549171
"56",1972-02-01,736.2,209061,12.8,6.6,4928,520.355423977684,529.439837691996
"57",1972-03-01,749.2,209212,11.8,6.6,5038,518.900934596705,520.355423977684
"58",1972-04-01,752.5,209386,11.5,6.7,4959,505.544768025247,518.900934596705
"59",1972-05-01,758,209545,11.7,6.6,4922,495.824477882361,505.544768025247
"60",1972-06-01,761.6,209725,11.7,5.4,4923,482.193960739472,495.824477882361
"61",1972-07-01,769.9,209896,11.7,6.1,4913,474.124969453728,482.193960739472
"62",1972-08-01,776.3,210075,12,6,4939,463.390177406077,474.124969453728
"63",1972-09-01,781.1,210278,12.2,5.6,4849,448.757983072707,463.390177406077
"64",1972-10-01,794.9,210479,13,5.7,4875,443.317238929815,448.757983072707
"65",1972-11-01,800.5,210656,13.6,5.7,4602,431.973897072641,443.317238929815
"66",1972-12-01,806.1,210821,13.7,6.1,4543,421.779256358326,431.973897072641
"67",1973-01-01,816.5,210985,12.4,5.7,4326,416.48034073925,421.779256358326
"68",1973-02-01,825.8,211120,12.5,5.2,4452,412.857452882083,416.48034073925
"69",1973-03-01,832.8,211254,12.7,5.5,4394,407.030290120155,412.857452882083
"70",1973-04-01,835.7,211420,13.2,5,4459,394.039924310601,407.030290120155
"71",1973-05-01,841.6,211577,13.2,4.9,4329,384.911084358193,394.039924310601
"72",1973-06-01,844.3,211746,13.6,5,4363,371.433543262924,384.911084358193
"73",1973-07-01,854.1,211909,13.2,5.2,4305,365.630352739086,371.433543262924
"74",1973-08-01,853.3,212092,13.9,4.9,4305,347.312660310483,365.630352739086
"75",1973-09-01,869.2,212289,13.1,5.4,4350,344.354816548543,347.312660310483
"76",1973-10-01,868.2,212475,14.4,5.5,4144,325.549948834224,344.354816548543
"77",1973-11-01,876.9,212634,14.4,5.1,4396,319.029658691339,325.549948834224
"78",1973-12-01,876.6,212785,14.8,4.7,4489,304.27516931036,319.029658691339
"79",1974-01-01,884.5,212932,14.3,5,4644,298.103580310335,304.27516931036
"80",1974-02-01,889.7,213074,14.2,5.1,4731,289.710616786499,298.103580310335
"81",1974-03-01,901.4,213211,13.4,4.8,4634,288.296278738857,289.710616786499
"82",1974-04-01,910.8,213361,13.1,5,4618,283.337514453116,288.296278738857
"83",1974-05-01,922.4,213513,12.8,4.6,4705,280.387299976899,283.337514453116
"84",1974-06-01,928,213686,12.8,5.3,4927,269.426858500677,280.387299976899
"85",1974-07-01,937.9,213854,12.8,5.7,5063,263.245042500648,269.426858500677
"86",1974-08-01,954.8,214042,12.1,5,5022,262.148724595853,263.245042500648
"87",1974-09-01,955.1,214246,12.9,5.3,5437,242.920805167245,262.148724595853
"88",1974-10-01,959.2,214451,13.4,5.5,5523,227.397160643399,242.920805167245
"89",1974-11-01,956.2,214625,13.8,5.2,6140,207.74099407194,227.397160643399
"90",1974-12-01,961.8,214782,14,5.7,6636,198.312154119531,207.74099407194
"91",1975-01-01,975.6,214931,13.2,6.3,7501,197.849114929029,198.312154119531
"92",1975-02-01,989.4,215065,12.5,7.1,7520,198.8219521671,197.849114929029
"93",1975-03-01,990.6,215198,12.7,7.2,7978,187.29051450041,198.8219521671
"94",1975-04-01,995,215353,14.2,8.7,8210,176.853124738478,187.29051450041
"95",1975-05-01,1018.9,215523,17.3,9.4,8433,184.479858547971,176.853124738478
"96",1975-06-01,1026.8,215768,14.3,8.8,8220,168.927210214595,184.479858547971
"97",1975-07-01,1039.8,215973,12.6,8.6,8127,162.30356569075,168.927210214595
"98",1975-08-01,1047,216195,13,9.2,7928,148.252594547853,162.30356569075
"99",1975-09-01,1054.8,216393,13,9.2,7923,137.099025690675,148.252594547853
"100",1975-10-01,1060.9,216587,13.4,8.6,7897,124.62835721445,137.099025690675
"101",1975-11-01,1075.8,216771,12.7,9.5,7794,121.914939690608,124.62835721445
"102",1975-12-01,1092.1,216931,12,9,7744,122.898924452485,121.914939690608
"103",1976-01-01,1107.1,217095,11.7,9,7534,122.200008833408,122.898924452485
"104",1976-02-01,1107.7,217249,12.3,8.2,7326,108.058344166714,122.200008833408
"105",1976-03-01,1114.9,217381,12.2,8.7,7230,102.622631595262,108.058344166714
"106",1976-04-01,1125.4,217528,11.7,8.2,7330,99.0510425952363,102.622631595262
"107",1976-05-01,1122.7,217685,12.3,8.3,7053,81.3222026428271,99.0510425952363
"108",1976-06-01,1140.5,217861,11.4,7.8,7322,82.2745858808918,81.3222026428271
"109",1976-07-01,1149.6,218035,11.7,7.7,7490,74.7184193094322,82.2745858808918
"110",1976-08-01,1158,218233,11.7,7.9,7518,64.1648504522547,74.7184193094322
"111",1976-09-01,1168.8,218440,11.4,7.8,7380,55.1497557379324,64.1648504522547
"112",1976-10-01,1176.8,218644,11.1,7.7,7430,43.621836309325,55.1497557379324
"113",1976-11-01,1189,218834,11.4,8.4,7620,37.6340682140529,43.621836309325
"114",1976-12-01,1211.5,219006,10.6,8,7545,43.6693518330703,37.6340682140529
"115",1977-01-01,1215,219179,10.6,7.5,7280,30.608910356849,43.6693518330703
"116",1977-02-01,1231.3,219344,9.3,7.2,7443,31.1142696425345,30.608910356849
"117",1977-03-01,1238.3,219504,10.5,7.2,7307,22.7982544044109,31.1142696425345
"118",1977-04-01,1247.3,219684,10.5,7.3,7059,14.5677372615225,22.7982544044109
"119",1977-05-01,1257.1,219859,10.3,7.9,6911,7.61584559482407,14.5677372615225
"120",1977-06-01,1263.6,220046,10.6,6.2,7134,-3.78474721473272,7.61584559482407
"121",1977-07-01,1280.5,220239,10.5,7.1,6829,-5.3596905957187,-3.78474721473272
"122",1977-08-01,1285.7,220458,10.9,7,6925,-21.1234864529008,-5.3596905957187
"123",1977-09-01,1294.5,220688,11.1,6.7,6751,-34.3402583577034,-21.1234864529008
"124",1977-10-01,1311.4,220904,11,6.9,6763,-38.1168789291698,-34.3402583577034
"125",1977-11-01,1327,221109,11.2,7,6815,-42.1405234530159,-38.1168789291698
"126",1977-12-01,1336,221303,11.4,6.8,6386,-51.7111919292402,-42.1405234530159
"127",1978-01-01,1329.5,221477,11.9,6.5,6489,-74.8673585006992,-51.7111919292402
"128",1978-02-01,1355.1,221629,11.1,6.7,6318,-63.8175729769172,-74.8673585006992
"129",1978-03-01,1377.5,221792,11,6.2,6337,-57.0207635007554,-63.8175729769172
"130",1978-04-01,1396.4,221991,10.8,6.1,6180,-57.1700574531711,-57.0207635007554
"131",1978-05-01,1412,222176,10.3,5.7,6127,-59.2792000722515,-57.1700574531711
"132",1978-06-01,1425.8,222379,10,6,6028,-64.9113944056205,-59.2792000722515
"133",1978-07-01,1426.8,222585,10.9,5.8,6309,-83.6307640247047,-64.9113944056205
"134",1978-08-01,1447,222805,10.5,5.8,6080,-84.4902849771246,-83.6307640247047
"135",1978-09-01,1452.9,223053,10.6,5.6,6125,-102.330108596216,-84.4902849771246
"136",1978-10-01,1466.9,223271,10.7,5.9,5947,-109.198179358159,-102.330108596216
"137",1978-11-01,1480.6,223477,10.5,5.5,6077,-115.217548977243,-109.198179358159
"138",1978-12-01,1496.5,223670,10.4,5.6,6228,-117.79249235823,-115.217548977243
"139",1979-01-01,1502.4,223865,11.1,5.9,6109,-130.558885929693,-117.79249235823
"140",1979-02-01,1517.8,224053,11.1,5.9,6173,-133.155203834488,-130.558885929693
"141",1979-03-01,1531.2,224235,11.2,5.9,6109,-137.177171167854,-133.155203834488
"142",1979-04-01,1538.4,224438,11,5.4,6069,-149.409365501223,-137.177171167854
"143",1979-05-01,1558.8,224632,10.3,5.6,5840,-147.580033977448,-149.409365501223
"144",1979-06-01,1575.7,224843,9.9,5.6,5959,-150.878029072723,-147.580033977448
"145",1979-07-01,1586.1,225055,10.6,5.9,5996,-160.771749263237,-150.878029072723
"146",1979-08-01,1615.6,225295,9.7,4.8,6320,-154.245772120422,-160.771749263237
"147",1979-09-01,1633.9,225547,9.4,5.5,6190,-160.068496120466,-154.245772120422
"148",1979-10-01,1641.6,225801,9.7,5.5,6296,-176.682670310987,-160.068496120466
"149",1979-11-01,1657.3,226027,9.7,5.3,6238,-182.616541834837,-176.682670310987
"150",1979-12-01,1666.3,226243,10.1,5.7,6325,-194.293162406304,-182.616541834837
"151",1980-01-01,1697.3,226451,9.9,5.3,6683,-183.203982215864,-194.293162406304
"152",1980-02-01,1701.4,226656,10.1,5.8,6702,-198.72762673971,-183.203982215864
"153",1980-03-01,1708.2,226849,10.2,6,6729,-210.402570120697,-198.72762673971
"154",1980-04-01,1695.2,227061,11.3,5.8,7358,-243.69629031121,-210.402570120697
"155",1980-05-01,1700.1,227251,11.4,5.7,7984,-256.984058406482,-243.69629031121
"156",1980-06-01,1718.8,227522,11.2,6.4,8098,-264.225559216053,-256.984058406482
"157",1980-07-01,1747.1,227726,11.3,7,8363,-255.453478644661,-264.225559216053
"158",1980-08-01,1763.8,227953,11.3,7.5,8281,-260.483075263749,-255.453478644661
"159",1980-09-01,1780.5,228186,11.7,7.7,8021,-266.087022454266,-260.483075263749
"160",1980-10-01,1817.1,228417,11.3,7.5,8088,-251.599519454307,-266.087022454266
"161",1980-11-01,1826.8,228612,11.6,7.7,8023,-260.56591302577,-251.599519454307
"162",1980-12-01,1851.7,228779,11.4,7.5,7718,-251.652003930562,-260.56591302577
"163",1981-01-01,1870,228937,10.9,7.4,8071,-248.476568978208,-251.652003930562
"164",1981-02-01,1884.2,229071,10.8,7.1,8051,-247.103731740137,-248.476568978208
"165",1981-03-01,1902.9,229224,10.8,7.1,7982,-243.049671311592,-247.103731740137
"166",1981-04-01,1904.4,229403,10.9,7.4,7869,-258.684463359243,-243.049671311592
"167",1981-05-01,1913.8,229575,11,6.9,8174,-265.749179740225,-258.684463359243
"168",1981-06-01,1934.5,229761,10.8,6.6,8098,-262.854047454544,-265.749179740225
"169",1981-07-01,1942.1,229966,12.3,7.1,7863,-274.87769197839,-262.854047454544
"170",1981-08-01,1966.6,230187,12,7.2,8036,-271.532938026048,-274.87769197839
"171",1981-09-01,1965.5,230412,12.4,6.8,8230,-294.171084454659,-271.532938026048
"172",1981-10-01,1963.9,230641,13,6.8,8646,-317.692131264223,-294.171084454659
"173",1981-11-01,1970.6,230822,13.2,6.9,9029,-328.318373502351,-317.692131264223
"174",1981-12-01,1988.8,230989,12.5,6.9,9267,-326.104464407142,-328.318373502351
"175",1982-01-01,1997.1,231157,12.7,7.1,9397,-333.886280407172,-326.104464407142
"176",1982-02-01,2021.2,231313,12.1,7.5,9705,-324.719395264342,-333.886280407172
"177",1982-03-01,2024.1,231470,12.2,7.7,9895,-336.848235216751,-324.719395264342
"178",1982-04-01,2026.3,231645,12.9,8.1,10244,-351.400126883449,-336.848235216751
"179",1982-05-01,2044.5,231809,12.3,8.5,10335,-348.899042502525,-351.400126883449
"180",1982-06-01,2048.1,231992,12.3,9.5,10538,-362.816734931129,-348.899042502525
"181",1982-07-01,2072.2,232188,12.5,8.5,10849,-357.478853597831,-362.816734931129
"182",1982-08-01,2080.1,232392,12.6,8.7,10881,-369.106773026438,-357.478853597831
"183",1982-09-01,2104.6,232599,11.8,9.5,11217,-364.42186774076,-369.106773026438
"184",1982-10-01,2125.8,232816,11.3,9.7,11529,-363.994213407465,-364.42186774076
"185",1982-11-01,2149.3,232993,10.9,10,11938,-357.437555264639,-363.994213407465
"186",1982-12-01,2161.6,233160,10.9,10.2,12051,-361.123646169431,-357.437555264639
"187",1983-01-01,2174,233322,11.1,11.1,11534,-364.231111598031,-361.123646169431
"188",1983-02-01,2177,233473,11.1,9.8,11545,-375.68560097901,-364.231111598031
"189",1983-03-01,2202.8,233613,10.6,10.4,11408,-363.287114312368,-375.68560097901
"190",1983-04-01,2226.4,233781,10.3,10.9,11268,-355.768930312397,-363.287114312368
"191",1983-05-01,2245.9,233922,9.9,12.3,11154,-349.766168740994,-355.768930312397
"192",1983-06-01,2276,234118,9.1,11.3,11246,-338.428287407695,-349.766168740994
"193",1983-07-01,2304.4,234307,9.6,10.1,10548,-328.120330407729,-338.428287407695
"194",1983-08-01,2320.4,234501,9.2,9.3,10623,-330.690998883953,-328.120330407729
"195",1983-09-01,2334.9,234701,9.6,9.3,10282,-335.336017931607,-330.690998883953
"196",1983-10-01,2357.6,234907,9.7,9.4,9887,-332.355387550692,-335.336017931607
"197",1983-11-01,2366.3,235078,10.3,9.3,9499,-340.024378836436,-332.355387550692
"198",1983-12-01,2393.6,235235,10.1,8.7,9331,-327.753218788845,-340.024378836436
"199",1984-01-01,2419.4,235385,10,9.1,9008,-316.311983074586,-327.753218788845
"200",1984-02-01,2403.5,235527,11.7,8.3,8791,-345.80494659842,-316.311983074586
"201",1984-03-01,2431.6,235675,11.5,8.3,8746,-331.872260693685,-345.80494659842
"202",1984-04-01,2457.5,235839,11.5,8.2,8762,-321.671176312761,-331.872260693685
"203",1984-05-01,2474.5,235993,11.1,9.1,8456,-319.412840979455,-321.671176312761
"204",1984-06-01,2495.6,236160,11.1,7.5,8226,-314.298931884246,-319.412840979455
"205",1984-07-01,2494.6,236348,11.6,7.5,8537,-333.295249789042,-314.298931884246
"206",1984-08-01,2512.2,236549,11.8,7.3,8519,-334.935993931934,-333.295249789042
"207",1984-09-01,2533.8,236760,11.8,7.6,8367,-333.533989027209,-334.935993931934
"208",1984-10-01,2531.3,236976,11.7,7.2,8381,-356.710609598676,-333.533989027209
"209",1984-11-01,2571.4,237159,10.9,7.2,8198,-334.12830202728,-356.710609598676
"210",1984-12-01,2582.6,237316,11.2,7.3,8358,-337.957141979689,-334.12830202728
"211",1985-01-01,2618.8,237468,10.3,6.8,8423,-316.307356455906,-337.957141979689
"212",1985-02-01,2640.8,237602,9.1,7.1,8321,-307.134519217835,-316.307356455906
"213",1985-03-01,2648.5,237732,8.7,7.1,8339,-311.87878159881,-307.134519217835
"214",1985-04-01,2659.5,237900,9.9,6.9,8395,-316.96059759884,-311.87878159881
"215",1985-05-01,2696.4,238074,11.1,6.9,8302,-296.716764170299,-316.96059759884
"216",1985-06-01,2689.4,238270,9.6,6.6,8460,-322.478882837,-296.716764170299
"217",1985-07-01,2715.7,238466,9.1,6.9,8513,-314.941001503702,-322.478882837
"218",1985-08-01,2752.1,238679,8.2,7.1,8196,-298.930446789454,-314.941001503702
"219",1985-09-01,2794.7,238898,7.3,6.9,8248,-277.294242646635,-298.930446789454
"220",1985-10-01,2755.8,239113,9.1,7.1,8298,-336.775138122863,-277.294242646635
"221",1985-11-01,2771.1,239307,9,7,8128,-340.045806599088,-336.775138122863
"222",1985-12-01,2811.3,239477,8.6,6.8,8138,-316.119072789594,-340.045806599088
"223",1986-01-01,2827.1,239638,8.6,6.7,7795,-315.730813122956,-316.119072789594
"224",1986-02-01,2820.2,239788,9.3,6.9,8402,-336.989577408697,-315.730813122956
"225",1986-03-01,2823.6,239928,9.9,6.8,8383,-346.991090742055,-336.989577408697
"226",1986-04-01,2835.2,240094,9.7,6.7,8364,-351.281456551609,-346.991090742055
"227",1986-05-01,2857.5,240271,9.3,6.8,8439,-345.924798408782,-351.281456551609
"228",1986-06-01,2861.7,240459,9.4,7,8508,-359.721116313578,-345.924798408782
"229",1986-07-01,2881.2,240651,9.3,6.9,8319,-358.600334599326,-359.721116313578
"230",1986-08-01,2898.6,240854,9,7.1,8135,-360.632528932695,-358.600334599326
"231",1986-09-01,2971.8,241068,7.2,7.4,8310,-307.917699313685,-360.632528932695
"232",1986-10-01,2932.9,241274,8.4,7,8243,-366.537068932769,-307.917699313685
"233",1986-11-01,2928.4,241467,8.8,7.1,8159,-389.512012313756,-366.537068932769
"234",1986-12-01,2997.1,241620,7,7.1,7883,-335.457951885211,-389.512012313756
"235",1987-01-01,2935.5,241784,9.7,6.9,7892,-412.756867504288,-335.457951885211
"236",1987-02-01,3001.7,241930,8.5,6.6,7865,-360.532731409076,-412.756867504288
"237",1987-03-01,3013.3,242079,8.5,6.6,7862,-363.195770599578,-360.532731409076
"238",1987-04-01,3038.8,242252,4.5,7.1,7542,-354.256212075799,-363.195770599578
"239",1987-05-01,3048.4,242423,8.2,6.6,7574,-361.025203361544,-354.256212075799
"240",1987-06-01,3072.8,242608,7.7,6.5,7398,-354.334345980624,-361.025203361544
"241",1987-07-01,3094.7,242804,7.5,6.5,7268,-351.196464647325,-354.334345980624
"242",1987-08-01,3130.8,243012,7.2,6.4,7261,-335.007284456886,-351.196464647325
"243",1987-09-01,3126.5,243223,7.6,6,7102,-359.505279552161,-335.007284456886
"244",1987-10-01,3134.5,243446,8.3,6.3,7227,-372.851975790296,-359.505279552161
"245",1987-11-01,3144.2,243639,8.5,6.2,7035,-381.626919171282,-372.851975790296
"246",1987-12-01,3174.1,243809,8.7,6,6936,-368.000185361789,-381.626919171282
"247",1988-01-01,3213.7,243981,8.1,6.2,6953,-344.864901742772,-368.000185361789
"248",1988-02-01,3221.4,244131,8.6,6.3,6929,-351.523666028512,-344.864901742772
"249",1988-03-01,3260.5,244279,8.2,6.4,6876,-326.590980123776,-351.523666028512
"250",1988-04-01,3263,244445,8.8,5.9,6601,-339.981345933329,-326.590980123776
"251",1988-05-01,3293.6,244610,8.4,5.9,6779,-325.175986647644,-339.981345933329
"252",1988-06-01,3318.5,244806,8.4,5.8,6546,-319.038105314346,-325.175986647644
"253",1988-07-01,3342.7,245021,8.6,6.1,6605,-315.419000790574,-319.038105314346
"254",1988-08-01,3368,245240,8.4,5.9,6843,-311.082796647756,-315.419000790574
"255",1988-09-01,3375,245464,8.9,5.7,6604,-325.525217981128,-311.082796647756
"256",1988-10-01,3413.7,245693,8.6,5.6,6568,-308.746264790693,-325.525217981128
"257",1988-11-01,3430.2,245884,8.4,5.7,6537,-310.529757981203,-308.746264790693
"258",1988-12-01,3459.7,246056,8.3,5.9,6518,-297.494474362186,-310.529757981203
"259",1989-01-01,3483.7,246224,8.5,5.6,6682,-289.576290362215,-297.494474362186
"260",1989-02-01,3488,246378,9,5.4,6359,-300.017955028909,-289.576290362215
"261",1989-03-01,3498.8,246530,9.5,5.4,6205,-303.768169505126,-300.017955028909
"262",1989-04-01,3543,246721,8.4,5.4,6468,-277.851662695636,-303.768169505126
"263",1989-05-01,3551.8,246906,8.1,5.3,6375,-286.760805314717,-277.851662695636
"264",1989-06-01,3566.6,247114,8.2,5.4,6577,-291.871625124277,-286.760805314717
"265",1989-07-01,3585.7,247342,8.2,5.6,6495,-294.596946838603,-291.871625124277
"266",1989-08-01,3620.6,247573,7.6,5,6511,-281.809443838644,-294.596946838603
"267",1989-09-01,3621.9,247816,8.1,4.9,6590,-303.770641981544,-281.809443838644
"268",1989-10-01,3633.6,248067,8.5,4.9,6630,-316.097640886351,-303.770641981544
"269",1989-11-01,3643.3,248281,8.6,4.8,6725,-326.88281126734,-316.097640886351
"270",1989-12-01,3684.2,248479,7.8,4.9,6667,-304.936380124519,-326.88281126734
"271",1990-01-01,3730.7,248659,8,5.1,6752,-275.666897267408,-304.936380124519
"272",1990-02-01,3728.2,248827,8.6,5.3,6651,-294.248713267437,-275.666897267408
"273",1990-03-01,3754.9,249012,8.3,5.1,6598,-285.257855886517,-294.248713267437
"274",1990-04-01,3770,249306,8.8,4.8,6797,-298.301033886569,-285.257855886517
"275",1990-05-01,3775.8,249565,8.7,5.2,6742,-317.293833553282,-298.301033886569
"276",1990-06-01,3804.5,249849,8.6,5.2,6590,-315.779760600951,-317.293833553282
"277",1990-07-01,3821.7,250132,8.7,5.4,6922,-325.669962553382,-315.779760600951
"278",1990-08-01,3848.3,250439,8.1,5.4,7188,-328.457566791531,-325.669962553382
"279",1990-09-01,3870.1,250751,8.1,5.6,7368,-336.523796505872,-328.457566791531
"280",1990-10-01,3870.6,251057,7.8,5.8,7459,-365.315675648784,-336.523796505872
"281",1990-11-01,3871.9,251346,7.9,5.7,7764,-391.680228172644,-365.315675648784
"282",1990-12-01,3861.3,251626,8.8,5.9,7901,-429.08325483936,-391.680228172644
"283",1991-01-01,3841,251889,9.3,6,8015,-474.558954887026,-429.08325483936
"284",1991-02-01,3866.7,252135,8.8,6.2,8265,-472.407328315641,-474.558954887026
"285",1991-03-01,3913,252372,8,6.7,8586,-448.794175887111,-472.407328315641
"286",1991-04-01,3907.1,252643,8.6,6.6,8439,-480.635676696683,-448.794175887111
"287",1991-05-01,3933.2,252913,8.4,6.4,8736,-480.381452411016,-480.635676696683
"288",1991-06-01,3940.5,253207,8.9,6.9,8692,-501.224630411068,-480.381452411016
"289",1991-07-01,3966,253493,8.2,7,8586,-503.102007649214,-501.224630411068
"290",1991-08-01,3969.1,253807,8.6,7.3,8666,-530.059687554031,-503.102007649214
"291",1991-09-01,3984.7,254126,8.8,6.8,8722,-544.99599293504,-530.059687554031
"292",1991-10-01,3976,254435,9.3,7.2,8842,-583.275047363666,-544.99599293504
"293",1991-11-01,4003.6,254718,9,7.5,8931,-582.765249316097,-583.275047363666
"294",1991-12-01,4020.5,254964,9.7,7.8,9198,-589.413622744712,-582.765249316097
"295",1992-01-01,4084.7,255214,9.4,8.1,9283,-549.14489655428,-589.413622744712
"296",1992-02-01,4099.5,255448,9.8,8.2,9454,-556.744568840036,-549.14489655428
"297",1992-03-01,4117,255703,9.7,8.3,9460,-563.654468125795,-556.744568840036
"298",1992-04-01,4131.5,255992,9.9,8.5,9415,-576.819020649655,-563.654468125795
"299",1992-05-01,4158.4,256285,9.9,8.8,9744,-577.96647355447,-576.819020649655
"300",1992-06-01,4177.1,256589,10.1,8.7,10040,-588.366902506903,-577.96647355447
"301",1992-07-01,4204.8,256894,9.6,8.6,9850,-589.863056554577,-588.366902506903
"302",1992-08-01,4220.9,257232,9.7,8.8,9787,-606.118138745113,-589.863056554577
"303",1992-09-01,4255.3,257548,8.7,8.6,9781,-601.967268840407,-606.118138745113
"304",1992-10-01,4284.7,257861,8,9,9398,-602.529223649986,-601.967268840407
"305",1992-11-01,4300.5,258147,8,9,9565,-614.106600888132,-602.529223649986
"306",1992-12-01,4336.4,258413,10.6,9.3,9557,-603.669476221512,-614.106600888132
"307",1993-01-01,4340.7,258679,8.6,8.6,9325,-624.832351554892,-603.669476221512
"308",1993-02-01,4355.3,258919,8.9,8.5,9183,-633.206374412077,-624.832351554892
"309",1993-03-01,4352.5,259152,8.9,8.5,9056,-658.310321602595,-633.206374412077
"310",1993-04-01,4393.4,259414,8.7,8.4,9110,-642.490296555022,-658.310321602595
"311",1993-05-01,4422.4,259680,8.3,8.1,9149,-638.953171888403,-642.490296555022
"312",1993-06-01,4440,259963,7.8,8.3,9121,-648.443373840833,-638.953171888403
"313",1993-07-01,4468.9,260255,7.6,8.2,8930,-647.495101650409,-648.443373840833
"314",1993-08-01,4481.1,260566,7.7,8.2,8763,-665.065606269511,-647.495101650409
"315",1993-09-01,4511.5,260867,6.9,8.3,8714,-663.478859936231,-665.065606269511
"316",1993-10-01,4532.8,261163,6.3,8,8750,-670.51348812676,-663.478859936231
"317",1993-11-01,4554.1,261425,6.3,8.3,8542,-674.293463079186,-670.51348812676
"318",1993-12-01,4571.1,261674,9.1,8.3,8477,-681.129011793516,-674.293463079186
"319",1994-01-01,4585.1,261919,7.1,8.6,8630,-690.581660126893,-681.129011793516
"320",1994-02-01,4632.6,262123,6.5,9.2,8583,-662.609579555501,-690.581660126893
"321",1994-03-01,4646,262352,6.8,9.3,8470,-671.130626365065,-662.609579555501
"322",1994-04-01,4671.1,262631,6.4,9.1,8331,-672.737927936543,-671.130626365065
"323",1994-05-01,4669.5,262877,7.6,9.2,7915,-697.886301365158,-672.737927936543
"324",1994-06-01,4708.9,263152,6.9,9.3,7927,-684.810702555683,-697.886301365158
"325",1994-07-01,4720.6,263436,7,9,7946,-700.296629603351,-684.810702555683
"326",1994-08-01,4762.6,263724,6.5,8.9,7933,-685.865457031974,-700.296629603351
"327",1994-09-01,4775,264017,6.8,9.2,7734,-701.512909936788,-685.865457031974
"328",1994-10-01,4812.9,264301,7.1,10,7632,-690.798836984457,-701.512909936788
"329",1994-11-01,4825.6,264559,7,9,7375,-702.795911555931,-690.798836984457
"330",1994-12-01,4841.6,264804,7.2,8.7,7230,-710.248559889307,-702.795911555931
"331",1995-01-01,4851.2,265044,7.5,8,7375,-723.622582746493,-710.248559889307
"332",1995-02-01,4850.8,265270,7.8,8.1,7187,-745.656454270342,-723.622582746493
"333",1995-03-01,4885.4,265495,7.5,8.3,7153,-732.594600698954,-745.656454270342
"334",1995-04-01,4890.2,265755,6.9,8.3,7645,-752.683125460905,-732.594600698954
"335",1995-05-01,4933.1,265998,7.1,9.1,7430,-733.044323603804,-752.683125460905
"336",1995-06-01,4977.5,266270,6.7,7.9,7427,-714.681549508614,-733.044323603804
"337",1995-07-01,4970.2,266557,7.1,8.5,7527,-749.454651841999,-714.681549508614
"338",1995-08-01,5005.3,266843,6.7,8.3,7484,-741.732029080144,-749.454651841999
"339",1995-09-01,5020.5,267152,6.8,7.9,7478,-756.11108350877,-741.732029080144
"340",1995-10-01,5013.9,267456,7.1,8.2,7328,-791.811512461205,-756.11108350877
"341",1995-11-01,5055.6,267715,6.6,8,7426,-774.904312127917,-791.811512461205
"342",1995-12-01,5097.5,267943,6.1,8.3,7423,-754.829633842244,-774.904312127917
"343",1996-01-01,5085.7,268151,6.7,8.3,7491,-786.540453651804,-754.829633842244
"344",1996-02-01,5132.8,268364,6.7,7.8,7313,-759.829898937556,-786.540453651804
"345",1996-03-01,5173.3,268595,6.6,8.3,7318,-741.442395937597,-759.829898937556
"346",1996-04-01,5208,268853,5.7,8.6,7415,-731.439470509071,-741.442395937597
"347",1996-05-01,5223.8,269108,6.7,8.6,7423,-740.04936979483,-731.439470509071
"348",1996-06-01,5229.8,269386,7.1,8.3,7095,-760.66094627107,-740.04936979483
"349",1996-07-01,5251.9,269667,6.7,8.3,7337,-765.459698033025,-760.66094627107
"350",1996-08-01,5275,269976,6.6,8.4,6882,-771.93875246165,-765.459698033025
"351",1996-09-01,5296.6,270284,6.7,8.5,6979,-779.822081795038,-771.93875246165
"352",1996-10-01,5328.5,270581,6.4,8.3,7031,-776.352435080805,-779.822081795038
"353",1996-11-01,5351.2,270878,6.4,7.7,7236,-782.082788366572,-776.352435080805
"354",1996-12-01,5378.6,271125,6.4,7.8,7253,-778.326886890424,-782.082788366572
"355",1997-01-01,5411.1,271360,6.2,7.8,7158,-768.322284271418,-778.326886890424
"356",1997-02-01,5434,271585,6.2,8.1,7102,-766.96043070003,-768.322284271418
"357",1997-03-01,5454.2,271821,6.4,7.9,7000,-769.351553176262,-766.96043070003
"358",1997-04-01,5459.3,272083,6.5,8.3,6873,-789.331528128689,-769.351553176262
"359",1997-05-01,5460.2,272342,6.8,8,6655,-813.224327795402,-789.331528128689
"360",1997-06-01,5494.2,272622,6.6,8,6799,-806.027354462118,-813.224327795402
"361",1997-07-01,5548.8,272912,6.1,8.3,6655,-779.187632081217,-806.027354462118
"362",1997-08-01,5587,273237,6,7.8,6608,-772.098288033655,-779.187632081217
"363",1997-09-01,5601.7,273553,6.2,8.2,6656,-787.647418128949,-772.098288033655
"364",1997-10-01,5637.7,273852,6.2,7.7,6454,-780.269221605193,-787.647418128949
"365",1997-11-01,5661.1,274126,6.4,7.6,6308,-783.097897700478,-780.269221605193
"366",1997-12-01,5692.1,274372,6.4,7.5,6476,-775.646271129093,-783.097897700478
"367",1998-01-01,5689.9,274626,7.4,7.4,6368,-802.160445319615,-775.646271129093
"368",1998-02-01,5723.8,274838,7.4,7,6306,-788.554165510128,-802.160445319615
"369",1998-03-01,5750.3,275047,7.5,6.8,6422,-782.060710414927,-788.554165510128
"370",1998-04-01,5788.1,275304,7.2,6.7,5941,-768.862059891163,-782.060710414927
"371",1998-05-01,5837.9,275564,6.9,6,6047,-743.950584653114,-768.862059891163
"372",1998-06-01,5871.7,275836,6.8,6.9,6212,-736.187810557924,-743.950584653114
"373",1998-07-01,5890,276115,6.9,6.7,6259,-744.595112129402,-736.187810557924
"374",1998-08-01,5925,276418,6.8,6.8,6179,-738.599815986598,-744.595112129402
"375",1998-09-01,5965.6,276714,6.4,6.7,6300,-726.334444177126,-738.599815986598
"376",1998-10-01,5998.8,277003,6.2,5.8,6280,-720.798996700987,-726.334444177126
"377",1998-11-01,6015.4,277277,6.3,6.6,6100,-730.427672796274,-720.798996700987
"378",1998-12-01,6070.5,277526,5.8,6.8,6032,-699.163221510604,-730.427672796274
"379",1999-01-01,6072.9,277790,6.4,6.9,5976,-722.034646653508,-699.163221510604
"380",1999-02-01,6101.8,277992,6.2,6.8,6111,-712.471115891638,-722.034646653508
"381",1999-03-01,6132.9,278198,5.9,6.8,5783,-701.090485510723,-712.471115891638
"382",1999-04-01,6196.2,278451,5.2,6.2,6004,-662.008934606005,-701.090485510723
"383",1999-05-01,6225.7,278717,4.9,6.5,5796,-657.971809939385,-662.008934606005
"384",1999-06-01,6254,279001,4.8,6.3,5951,-656.857736987054,-657.971809939385
"385",1999-07-01,6281.5,279295,4.8,5.8,6025,-657.500914987107,-656.857736987054
"386",1999-08-01,6326.5,279602,4.7,6.5,5838,-641.888519225256,-657.500914987107
"387",1999-09-01,6378.8,279903,4.2,6,5915,-618.401772891976,-641.888519225256
"388",1999-10-01,6402.1,280203,4.6,6.1,5778,-623.819301463457,-618.401772891976
"389",1999-11-01,6437.9,280471,4.8,6.2,5716,-613.673626987314,-623.819301463457
"390",1999-12-01,6538.7,280716,4.4,5.8,5653,-536.326275320691,-613.673626987314
"391",2000-01-01,6535.3,280976,5.4,5.8,5708,-564.614800082642,-536.326275320691
"392",2000-02-01,6619.7,281190,4.8,6.1,5858,-500.699970463632,-564.614800082642
"393",2000-03-01,6685.8,281409,4.5,6,5733,-455.563766320813,-500.699970463632
"394",2000-04-01,6671.1,281653,5,6.1,5481,-493.620689558951,-455.563766320813
"395",2000-05-01,6707.6,281877,4.9,5.8,5758,-478.563110892325,-493.620689558951
"396",2000-06-01,6743.9,282126,4.9,5.7,5651,-466.098659606655,-478.563110892325
"397",2000-07-01,6764.1,282385,5.2,6,5747,-470.691459273367,-466.098659606655
"398",2000-08-01,6799.1,282653,5.2,6.3,5853,-461.345784797223,-470.691459273367
"399",2000-09-01,6882.9,282932,4.5,5.2,5625,-404.253086368702,-461.345784797223
"400",2000-10-01,6888.2,283201,4.6,6.1,5534,-424.703136987797,-404.253086368702
"401",2000-11-01,6902.4,283453,4.5,6.1,5639,-434.625860987842,-424.703136987797
"402",2000-12-01,6945.7,283696,4.2,6,5634,-414.587059130742,-434.625860987842
"403",2001-01-01,6977,283920,4.8,5.8,6023,-404.729480464115,-414.587059130742
"404",2001-02-01,6995.8,284137,4.9,6.1,6089,-406.701826130819,-404.729480464115
"405",2001-03-01,6987.9,284350,5.3,6.6,6141,-434.991271416571,-406.701826130819
"406",2001-04-01,7001.2,284581,5,5.9,6271,-443.803768416612,-434.991271416571
"407",2001-05-01,7047.1,284810,4.5,6.3,6226,-419.824815226176,-443.803768416612
"408",2001-06-01,7060.7,285062,4.5,6,6484,-430.347539226221,-419.824815226176
"409",2001-07-01,7072.2,285309,5.6,6.8,6583,-442.491637750074,-430.347539226221
"410",2001-08-01,7108.9,285570,6.8,6.9,7042,-430.775887607263,-442.491637750074
"411",2001-09-01,7012.8,285843,7,7.2,7142,-553.008838607311,-430.775887607263
"412",2001-10-01,7208.4,286098,3.4,7.3,7694,-381.818737893071,-553.008838607311
"413",2001-11-01,7167.9,286341,4.1,7.7,8003,-445.579936035971,-381.818737893071
"414",2001-12-01,7147.7,286570,4.5,8.2,8258,-487.700982845535,-445.579936035971
"415",2002-01-01,7174.3,286788,6.1,8.4,8182,-481.969053607478,-487.700982845535
"416",2002-02-01,7218.3,286994,5.8,8.3,8215,-457.688423226562,-481.969053607478
"417",2002-03-01,7237.2,287190,5.9,8.4,8304,-457.550541893264,-457.688423226562
"418",2002-04-01,7305.4,287397,5.8,8.9,8599,-409.165636607586,-457.550541893264
"419",2002-05-01,7282.7,287623,6.5,9.5,8399,-453.499508131436,-409.165636607586
"420",2002-06-01,7318.2,287864,6.4,11,8393,-441.069256083859,-453.499508131436
"421",2002-07-01,7380.4,288105,5.5,8.9,8390,-401.939004036282,-441.069256083859
"422",2002-08-01,7401.5,288360,5.4,9,8304,-405.248903322042,-401.939004036282
"423",2002-09-01,7391,288618,5.7,9.5,8251,-440.445977893516,-405.248903322042
"424",2002-10-01,7430.7,288870,5.7,9.6,8307,-424.86870189356,-440.445977893516
"425",2002-11-01,7459.7,289106,5.7,9.3,8520,-418.459824369792,-424.86870189356
"426",2002-12-01,7512.8,289313,5.5,9.6,8640,-385.174919084115,-418.459824369792
"427",2003-01-01,7533.1,289518,5.5,9.6,8520,-384.49856360796,-385.174919084115
"428",2003-02-01,7535.9,289714,5.6,9.5,8618,-400.460682274662,-384.49856360796
"429",2003-03-01,7598.4,289911,5.3,9.7,8588,-356.818526036602,-400.460682274662
"430",2003-04-01,7621,290125,5.3,10.2,8842,-354.703696417591,-356.818526036602
"431",2003-05-01,7628.1,290346,5.8,9.9,8957,-368.758942465249,-354.703696417591
"432",2003-06-01,7678.6,290584,5.6,11.5,9266,-341.041515131958,-368.758942465249
"433",2003-07-01,7738.2,290820,6.3,10.3,9011,-304.032637608191,-341.041515131958
"434",2003-08-01,7834.5,291072,6,10.1,8896,-231.855361608235,-304.032637608191
"435",2003-09-01,7835,291321,5.2,10.2,8921,-255.190910322565,-231.855361608235
"436",2003-10-01,7845.7,291574,5.3,10.4,8732,-268.709359417848,-255.190910322565
"437",2003-11-01,7899.6,291807,5.4,10.3,8576,-237.113306608364,-268.709359417848
"438",2003-12-01,7929.2,292008,5.4,10.4,8317,-226.754050751258,-237.113306608364
"439",2004-01-01,7987.4,292192,5,10.6,8370,-186.1674682751,-226.754050751258
"440",2004-02-01,8019.8,292368,5,10.2,8167,-170.615085037035,-186.1674682751
"441",2004-03-01,8076,292561,4.9,10.2,8491,-132.890028418022,-170.615085037035
"442",2004-04-01,8088.6,292779,5.3,9.5,8170,-141.158099179965,-132.890028418022
"443",2004-05-01,8163.2,292997,5.3,9.9,8212,-87.4261699419088,-141.158099179965
"444",2004-06-01,8147.2,293223,5.8,11,8286,-125.060041465758,-87.4261699419088
"445",2004-07-01,8218.9,293463,5.3,8.9,8136,-76.3340643229433,-125.060041465758
"446",2004-08-01,8253.1,293719,5.2,9.2,7990,-66.6396887039404,-76.3340643229433
"447",2004-09-01,8321.1,293971,4.6,9.6,7927,-22.7624127039848,-66.6396887039404
"448",2004-10-01,8374.6,294230,4.5,9.5,8061,5.94478762930278,-22.7624127039848
"449",2004-11-01,8420.6,294466,4.1,9.7,7932,29.3536651530707,5.94478762930278
"450",2004-12-01,8481.5,294694,6.9,9.5,7934,68.428343438744,29.3536651530707
"451",2005-01-01,8470.2,294914,3.7,9.4,7784,36.0688224863245,68.428343438744
"452",2005-02-01,8529.2,295105,3.4,9.2,7980,76.7853292958149,36.0688224863245
"453",2005-03-01,8569.5,295287,3.6,9.3,7737,99.6633619624484,76.7853292958149
"454",2005-04-01,8645.6,295490,3.1,9,7672,156.33116762908,99.6633619624484
"455",2005-05-01,8643.9,295704,3.5,9.1,7651,134.145997248089,156.33116762908
"456",2005-06-01,8724.8,295936,2.9,9,7524,192.837775152809,134.145997248089
"457",2005-07-01,8829.5,296186,2.2,8.8,7406,273.606501343242,192.837775152809
"458",2005-08-01,8832.4,296440,2.7,9.2,7345,252.192327152721,273.606501343242
"459",2005-09-01,8885.8,296707,2.7,8.4,7553,280.033726724101,252.192327152721
"460",2005-10-01,8926.6,296972,3.1,8.6,7453,295.466576485961,280.033726724101
"461",2005-11-01,8938.5,297207,3.5,8.5,7566,284.871179104967,295.466576485961
"462",2005-12-01,8969.6,297431,3.7,8.7,7279,294.528757771594,284.871179104967
"463",2006-01-01,9059.8,297647,4.2,8.6,7064,364.052137200126,294.528757771594
"464",2006-02-01,9090.1,297854,4.2,9.1,7184,374.537042485805,364.052137200126
"465",2006-03-01,9122.1,298060,4.2,8.7,7072,386.817672866721,374.537042485805
"466",2006-04-01,9174.8,298281,4,8.4,7120,418.362426819062,386.817672866721
"467",2006-05-01,9215.1,298496,3.8,8.5,6980,438.081531342835,418.362426819062
"468",2006-06-01,9240.8,298739,4,7.3,7001,440.520333199933,438.081531342835
"469",2006-07-01,9322.6,298996,3.4,8,7175,497.718983723699,440.520333199933
"470",2006-08-01,9321.8,299263,3.6,8.4,7091,471.360383295079,497.718983723699
"471",2006-09-01,9354.7,299554,3.6,8,6847,476.404380580743,471.360383295079
"472",2006-10-01,9373.2,299835,3.6,7.9,6727,468.005628818788,476.404380580743
"473",2006-11-01,9380.2,300094,3.9,8.3,6872,450.212829152076,468.005628818788
"474",2006-12-01,9469,300340,3.7,7.5,6762,515.46445572346,450.212829152076
"475",2007-01-01,9516.3,300574,3.7,8.3,7116,540.364783437704,515.46445572346
"476",2007-02-01,9546.8,300802,4.1,8.5,6927,549.039461723378,540.364783437704
"477",2007-03-01,9585.1,301021,4.4,9.1,6731,566.375665866198,549.039461723378
"478",2007-04-01,9615.7,301254,4.2,8.6,6850,574.671718675681,566.375665866198
"479",2007-05-01,9651.3,301483,4,8.2,6766,588.350671866115,574.671718675681
"480",2007-06-01,9667.3,301739,3.8,7.7,6979,579.845047485117,588.350671866115
"481",2007-07-01,9709.6,302004,3.7,8.7,7149,596.777897246976,579.845047485117
"482",2007-08-01,9753.9,302267,3.4,8.8,7067,615.902197199311,596.777897246976
"483",2007-09-01,9797.9,302546,3.5,8.7,7170,633.194895627832,615.902197199311
"484",2007-10-01,9827,302807,3.4,8.4,7237,637.310645770644,633.194895627832
"485",2007-11-01,9897.8,303054,3.1,8.6,7240,684.46654724679,637.310645770644
"486",2007-12-01,9908.4,303287,3.6,8.4,7645,672.762600056273,684.46654724679
"487",2008-01-01,9930,303506,3.7,9,7685,673.398804199091,672.762600056273
"488",2008-02-01,9913.4,303711,4.1,8.7,7497,637.175159675246,673.398804199091
"489",2008-03-01,9959.4,303907,4,8.7,7822,664.413041008544,637.175159675246
"490",2008-04-01,9996.8,304117,3.4,9.4,7637,681.710771008507,664.413041008544
"491",2008-05-01,10053.8,304323,7.8,7.9,8395,718.991401389422,681.710771008507
"492",2008-06-01,10107.9,304556,5.5,9,8575,750.787454198905,718.991401389422
"493",2008-07-01,10104.7,304798,4.4,9.7,8937,724.421981151246,750.787454198905
"494",2008-08-01,10094.7,305045,3.8,9.7,9438,690.777882627391,724.421981151246
"495",2008-09-01,10043.5,305309,4.7,10.2,9494,614.306457484487,690.777882627391
"496",2008-10-01,9960.3,305554,5.5,10.4,10074,507.65380915111,614.306457484487
"497",2008-11-01,9820.8,305786,6.4,9.8,10538,345.945587055831,507.65380915111
"498",2008-12-01,9730.7,306004,6.4,10.5,11286,234.977516293889,345.945587055831
"499",2009-01-01,9783.8,306208,6.2,10.7,12058,268.54959686528,234.977516293889
"500",2009-02-01,9766,306402,5.5,11.7,12898,232.178928389056,268.54959686528
"501",2009-03-01,9718.5,306588,5.9,12.3,13426,166.874060674738,232.178928389056
"502",2009-04-01,9724.8,306787,6.8,13.1,13853,154.124766722321,166.874060674738
"503",2009-05-01,9748.9,306984,8.2,14.2,14499,159.366922960381,154.124766722321
"504",2009-06-01,9806.9,307206,6.7,17.2,14707,196.115951817486,159.366922960381
"505",2009-07-01,9841.7,307439,6,16,14601,208.612004626969,196.115951817486
"506",2009-08-01,9961,307685,4.9,16.3,14814,304.363631198353,208.612004626969
"507",2009-09-01,9883.4,307946,5.9,17.8,15009,201.779381341164,304.363631198353
"508",2009-10-01,9931.9,308189,5.4,18.9,15352,227.018183198264,201.779381341164
"509",2009-11-01,9940.5,308418,5.9,19.8,15219,213.6971363887,227.018183198264
"510",2009-12-01,9998.9,308633,5.9,20.1,15098,251.51624091247,213.6971363887
"511",2010-01-01,10001.8,308833,6.1,20,15046,235.271221864816,251.51624091247
"512",2010-02-01,10030.6,309027,5.8,19.9,15113,245.500553388592,235.271221864816
"513",2010-03-01,10089.1,309212,5.7,20.4,15202,286.291410769512,245.500553388592
"514",2010-04-01,10112.9,309191.211,6.4,22.1,15325,312.081439774419,286.291410769512
"515",2010-05-01,10131,309369.053,7,22.3,14849,313.157497387054,312.081439774419
"516",2010-06-01,10151.4,309548.502,6.9,25.2,14474,316.379724771644,313.157497387054
"517",2010-07-01,10184.7,309745.698,6.8,22.3,14512,330.80311889104,316.379724771644
"518",2010-08-01,10228.2,309957.775,6.9,21,14648,354.002027868189,330.80311889104
"519",2010-09-01,10249,310176.466,6.7,20.3,14579,353.867811065435,354.002027868189
"520",2010-10-01,10304.7,310399.958,6.6,21.2,14516,388.174018080447,353.867811065435
"521",2010-11-01,10354.7,310595.764,6.6,21,15081,419.430470082218,388.174018080447
"522",2010-12-01,10392.1,310781.705,7.1,21.9,14348,439.031250148519,419.430470082218
"523",2011-01-01,10435.5,310960.74,7.4,21.5,14013,465.293107722537,439.031250148519
"524",2011-02-01,10470.1,311113.376,7.6,21.1,13820,485.282012085749,465.293107722537
"525",2011-03-01,10550.5,311265.404,7,21.5,13737,551.129117306866,485.282012085749
"526",2011-04-01,10587.6,311436.238,6.9,20.9,13957,571.876016386928,551.129117306866
"527",2011-05-01,10612,311607.08,6.9,21.6,13855,579.92214966623,571.876016386928
"528",2011-06-01,10636.8,311791.223,7.2,22.4,13962,587.095043453769,579.92214966623
"529",2011-07-01,10677.5,311997.049,7.3,22,13763,608.092330001257,587.095043453769
"530",2011-08-01,10700.6,312205.367,7.2,22.4,13818,611.25106961141,608.092330001257
"531",2011-09-01,10738.1,312429.118,6.8,22,13948,627.332483826752,611.25106961141
"532",2011-10-01,10753.1,312644.159,6.8,20.6,13594,621.747663621621,627.332483826752
"533",2011-11-01,10759.5,312829.523,7,20.8,13302,610.403677067874,621.747663621621
"534",2011-12-01,10772.2,313009.712,7.8,20.5,13093,605.855067881985,610.403677067874
"535",2012-01-01,10862.1,313183.179,8,20.8,12797,679.149922786286,605.855067881985
"536",2012-02-01,10953.5,313338.977,8,19.7,12813,755.636144398353,679.149922786286
"537",2012-03-01,10951.8,313499.369,8.5,19.2,12713,738.582604922896,755.636144398353
"538",2012-04-01,10979.7,313667.127,8.7,19.1,12646,750.423954395917,738.582604922896
"539",2012-05-01,10968.6,313830.53,8.8,19.9,12660,723.682186658693,750.423954395917
"540",2012-06-01,10946.3,314017.594,9.1,20.4,12692,683.475467443045,723.682186658693
"541",2012-07-01,10977.2,314210.786,8.2,17.5,12656,695.88214484377,683.475467443045
"542",2012-08-01,11004.1,314422.341,8,18.4,12471,702.531022320638,695.88214484377
"543",2012-09-01,11061.5,314646.749,8.2,18.8,12115,738.449545148408,702.531022320638
"544",2012-10-01,11099.8,314853.978,8.8,19.9,12124,756.912529387276,738.449545148408
"545",2012-11-01,11136.8,315053.863,9.7,18.6,12005,774.778518725572,756.912529387276
"546",2012-12-01,11140.5,315232.752,12,17.7,12298,761.354352163498,774.778518725572
"547",2013-01-01,11202.8,315389.595,6.3,15.8,12471,808.640541051042,761.354352163498
"548",2013-02-01,11239.6,315520.143,5.8,17.2,11950,832.943821317875,808.640541051042
"549",2013-03-01,11227.1,315662.224,5.9,17.6,11689,806.843104061326,832.943821317875
"550",2013-04-01,11205.4,315817.855,6.4,17.1,11760,770.245311764299,806.843104061326
"551",2013-05-01,11244.6,315983.654,6.7,17.1,11654,793.574186698889,770.245311764299
"552",2013-06-01,11268.8,316171.042,6.8,17,11751,799.836452552375,793.574186698889
"553",2013-07-01,11296.7,316358.778,6.6,16.2,11335,809.765406072727,799.836452552375
"554",2013-08-01,11329.2,316580.327,6.7,16.5,11279,821.057606947783,809.765406072727
"555",2013-09-01,11366.9,316806.125,6.8,16.5,11270,837.14307189317,821.057606947783
"556",2013-10-01,11419.8,317022.27,6.3,16.3,11136,869.352571182892,837.14307189317
"557",2013-11-01,11487.6,317228.026,6.2,17.1,10787,917.456558487047,869.352571182892
"558",2013-12-01,11517.9,317411.551,6.4,17.3,10404,930.188610383446,917.456558487047
"559",2014-01-01,11512.5,317593.923,7.1,15.4,10202,907.331033314649,930.188610383446
"560",2014-02-01,11566.2,317753.883,7.3,15.9,10349,945.718847080338,907.331033314649
"561",2014-03-01,11643,317917.203,7.4,15.8,10380,1006.88502452602,945.718847080338
"562",2014-04-01,11702.6,318089.218,7.4,15.7,9702,1050.01887226861,1006.88502452602
"563",2014-05-01,11748.4,318269.505,7.4,14.6,9859,1078.56088202339,1050.01887226861
"564",2014-06-01,11817,318464.152,7.4,13.8,9460,1128.52827941054,1078.56088202339
"565",2014-07-01,11860.5,318662.368,7.5,13.1,9608,1153.05403393279,1128.52827941054
"566",2014-08-01,11944.3,318893.786,7.2,12.9,9599,1214.70152384294,1153.05403393279
"567",2014-09-01,11957.4,319125.296,7.4,13.4,9262,1205.64020704433,1214.70152384294
"568",2014-10-01,12023,319353.734,7.2,13.6,8990,1249.37295773829,1205.64020704433
"569",2014-11-01,12051.4,319564.209,7.3,13,9090,1257.62521831802,1249.37295773829
"570",2014-12-01,12062,319746.157,7.6,12.9,8717,1250.8082286896,1257.62521831802
"571",2015-01-01,12046,319928.646,7.7,13.2,8903,1217.33945178466,1250.8082286896
"572",2015-02-01,12082.4,320074.511,7.9,12.9,8610,1239.77651076773,1217.33945178466
"573",2015-03-01,12158.3,320230.786,7.4,12,8504,1300.71707150937,1239.77651076773
"574",2015-04-01,12193.8,320402.295,7.6,11.5,8526,1319.79935615015,1300.71707150937
